backend,model,complexity,precision,seed,epochs,first_epoch_time,median_epoch_time
torch,mlp,simple,fp32,42,100,1.9451,1.476
torch,mlp,simple,fp16,42,100,2.2889,1.7418
torch,mlp,simple,bf16,42,100,1.9727,1.5763
torch,mlp,simple,mixed_fp16,42,100,2.3833,1.9581
torch,mlp,simple,mixed_bf16,42,100,2.536,1.912
torch,cnn,simple,fp32,42,100,4.339,2.5181
torch,cnn,simple,fp16,42,100,2.9971,2.4937
torch,cnn,simple,bf16,42,100,2.9867,2.7066
torch,cnn,simple,mixed_fp16,42,100,3.4915,2.7292
torch,cnn,simple,mixed_bf16,42,100,3.5231,3.0104
torch,lstm,simple,fp32,42,100,0.8839,0.6226
torch,lstm,simple,fp16,42,100,1.2103,0.6378
torch,lstm,simple,bf16,42,100,11.6197,11.0493
torch,lstm,simple,mixed_fp16,42,100,1.3598,0.9026
torch,lstm,simple,mixed_bf16,42,100,1.3094,0.8612
tf-keras,mlp,simple,fp32,42,100,5.9261,1.1567
tf-keras,mlp,simple,fp16,42,100,5.7988,1.1845
tf-keras,mlp,simple,bf16,42,100,5.6377,1.175
tf-keras,mlp,simple,mixed_fp16,42,100,6.3865,1.2944
tf-keras,mlp,simple,mixed_bf16,42,100,6.1901,1.2988
tf-keras,cnn,simple,fp32,42,100,8.5149,1.3899
tf-keras,cnn,simple,fp16,42,100,6.8249,1.2408
tf-keras,cnn,simple,bf16,42,100,6.2919,1.2305
tf-keras,cnn,simple,mixed_fp16,42,100,7.6538,1.5938
tf-keras,cnn,simple,mixed_bf16,42,100,7.151,1.6118
tf-keras,lstm,simple,fp32,42,100,5.775,1.7339
tf-keras,lstm,simple,fp16,42,100,5.9232,1.6938
tf-keras,lstm,simple,mixed_fp16,42,100,5.7524,1.832
tf-keras,lstm,simple,mixed_bf16,42,100,5.1576,1.8294
jax,mlp,simple,fp32,42,100,5.0569,2.112
jax,mlp,simple,fp16,42,100,5.2532,2.0833
jax,mlp,simple,bf16,42,100,5.5726,2.3117
jax,mlp,simple,mixed_fp16,42,100,6.0104,2.6843
jax,mlp,simple,mixed_bf16,42,100,6.1799,2.8002
jax,cnn,simple,fp32,42,100,6.5115,2.8014
jax,cnn,simple,fp16,42,100,6.3496,2.9211
jax,cnn,simple,bf16,42,100,5.9631,2.6563
jax,cnn,simple,mixed_fp16,42,100,7.4454,3.3037
jax,cnn,simple,mixed_bf16,42,100,7.6718,3.0502
torch-keras,mlp,simple,fp32,42,100,5.7774,4.9561
torch-keras,mlp,simple,fp16,42,100,5.7499,4.9968
torch-keras,mlp,simple,bf16,42,100,6.0387,4.8456
torch-keras,mlp,simple,mixed_fp16,42,100,7.2631,6.2821
torch-keras,mlp,simple,mixed_bf16,42,100,6.0774,5.3359
torch-keras,cnn,simple,fp32,42,100,7.0542,5.8369
torch-keras,cnn,simple,fp16,42,100,7.2423,6.3285
torch-keras,cnn,simple,bf16,42,100,7.2711,6.5991
torch-keras,cnn,simple,mixed_fp16,42,100,8.2942,7.8263
torch-keras,cnn,simple,mixed_bf16,42,100,7.5544,7.0881
torch-keras,lstm,simple,fp32,42,100,40.7293,38.2899
torch-keras,lstm,simple,mixed_fp16,42,100,47.5928,46.9681
torch-keras,lstm,simple,mixed_bf16,42,100,47.3845,44.9718
jax-keras,lstm,simple,fp32,42,100,7.9336,3.0751
jax-keras,lstm,simple,mixed_fp16,42,100,8.8969,2.8854
jax-keras,lstm,simple,mixed_bf16,42,100,9.0925,3.0864
jax-keras,mlp,simple,fp32,42,100,5.5369,1.1531
jax-keras,mlp,simple,fp16,42,100,5.6037,1.1746
jax-keras,mlp,simple,bf16,42,100,5.585,1.1237
jax-keras,mlp,simple,mixed_fp16,42,100,5.9934,1.4266
jax-keras,mlp,simple,mixed_bf16,42,100,5.813,1.3772
jax-keras,cnn,simple,fp32,42,100,6.9878,2.0702
jax-keras,cnn,simple,fp16,42,100,6.3687,1.6519
jax-keras,cnn,simple,bf16,42,100,6.6148,2.1483
jax-keras,cnn,simple,mixed_fp16,42,100,7.4439,1.8554
jax-keras,cnn,simple,mixed_bf16,42,100,7.0488,2.111
jax,lstm,simple,fp32,42,100,8.731,3.7807
jax,lstm,simple,mixed_fp16,42,100,10.3773,3.3749
jax,lstm,simple,mixed_bf16,42,100,10.6075,3.6195
jax-keras,mlp,complex,fp32,42,100,18.9356,1.5255
jax-keras,mlp,complex,fp16,42,100,14.0495,1.5175
jax-keras,mlp,complex,bf16,42,100,15.0439,1.594
jax-keras,mlp,complex,mixed_fp16,42,100,15.155,1.7029
jax-keras,mlp,complex,mixed_bf16,42,100,14.2758,1.588
jax-keras,cnn,complex,fp32,42,100,20.001,5.5304
jax-keras,cnn,complex,fp16,42,100,20.4617,4.5694
jax-keras,cnn,complex,bf16,42,100,21.6243,4.9456
jax-keras,cnn,complex,mixed_fp16,42,100,20.5254,5.5679
jax-keras,cnn,complex,mixed_bf16,42,100,18.9288,4.9278
jax-keras,lstm,complex,fp32,42,100,25.0448,6.4482
jax-keras,lstm,complex,mixed_fp16,42,100,24.6691,5.6106
jax-keras,lstm,complex,mixed_bf16,42,100,23.4366,5.7888
torch,mlp,complex,fp32,42,100,3.4853,2.8722
torch,mlp,complex,fp16,42,100,4.0078,3.3353
torch,mlp,complex,bf16,42,100,3.6905,2.9684
torch,mlp,complex,mixed_fp16,42,100,5.2989,3.797
torch,mlp,complex,mixed_bf16,42,100,4.944,3.9523
torch,cnn,complex,fp32,42,100,10.2872,9.0353
torch,cnn,complex,fp16,42,100,10.244,8.9667
torch,cnn,complex,bf16,42,100,9.8509,9.0243
torch,cnn,complex,mixed_fp16,42,100,11.5701,10.2567
torch,cnn,complex,mixed_bf16,42,100,11.8409,10.4032
torch,lstm,complex,fp32,42,100,2.7802,2.5716
torch,lstm,complex,fp16,42,100,2.217,1.8673
tf-keras,mlp,complex,fp32,42,100,17.9793,1.4547
tf-keras,mlp,complex,fp16,42,100,16.8655,1.5541
tf-keras,mlp,complex,bf16,42,100,18.013,1.6148
tf-keras,mlp,complex,mixed_fp16,42,100,19.8236,1.4957
tf-keras,mlp,complex,mixed_bf16,42,100,19.1519,1.4763
tf-keras,cnn,complex,fp32,42,100,25.3482,5.743
tf-keras,cnn,complex,fp16,42,100,24.2096,4.5098
tf-keras,cnn,complex,bf16,42,100,24.5301,4.6312
tf-keras,cnn,complex,mixed_fp16,42,100,26.6032,4.6983
tf-keras,cnn,complex,mixed_bf16,42,100,24.4528,4.8196
tf-keras,lstm,complex,fp32,42,100,10.3842,4.2089
tf-keras,lstm,complex,fp16,42,100,15.1053,3.8527
tf-keras,lstm,complex,mixed_fp16,42,100,10.3077,3.812
tf-keras,lstm,complex,mixed_bf16,42,100,9.7577,4.4194
jax,mlp,complex,fp32,42,100,13.6438,4.6825
jax,mlp,complex,fp16,42,100,12.1543,3.7904
jax,mlp,complex,bf16,42,100,12.7672,3.8611
jax,mlp,complex,mixed_fp16,42,100,13.5078,4.609
jax,mlp,complex,mixed_bf16,42,100,14.006,4.7913
jax,cnn,complex,fp32,42,100,14.7843,5.8782
jax,cnn,complex,fp16,42,100,15.9862,5.9323
jax,cnn,complex,bf16,42,100,13.8266,5.7849
jax,cnn,complex,mixed_fp16,42,100,19.1404,6.203
jax,cnn,complex,mixed_bf16,42,100,17.9505,6.5428
jax,lstm,complex,fp32,42,100,26.2468,9.3383
jax,lstm,complex,mixed_fp16,42,100,28.1389,8.0122
jax,lstm,complex,mixed_bf16,42,100,28.7164,8.6364
torch,lstm,complex,bf16,42,100,18.397,15.3157
torch,lstm,complex,mixed_fp16,42,100,3.1665,2.1372
torch,lstm,complex,mixed_bf16,42,100,2.4217,2.1279
torch-keras,mlp,complex,fp32,42,100,9.4971,8.1024
torch-keras,mlp,complex,fp16,42,100,9.2841,8.3389
torch-keras,mlp,complex,bf16,42,100,8.673,8.6124
torch-keras,mlp,complex,mixed_fp16,42,100,12.728,10.982
torch-keras,mlp,complex,mixed_bf16,42,100,10.1451,9.0509
torch-keras,cnn,complex,fp32,42,100,43.4557,38.2682
torch-keras,cnn,complex,fp16,42,100,45.103,43.3399
torch-keras,cnn,complex,bf16,42,100,45.5526,43.805
torch-keras,cnn,complex,mixed_fp16,42,100,48.0506,46.3338
torch-keras,cnn,complex,mixed_bf16,42,100,43.0452,41.5573
torch-keras,lstm,complex,fp32,42,100,64.0321,60.0439
torch-keras,lstm,complex,mixed_fp16,42,100,74.9524,72.9545
torch-keras,lstm,complex,mixed_bf16,42,100,75.8447,72.512
jax,mlp,simple,fp32,43,100,18.89,2.1312
jax,mlp,simple,fp16,43,100,5.6721,2.2356
jax,mlp,simple,bf16,43,100,5.5914,2.1623
jax,mlp,simple,mixed_fp16,43,100,6.2832,2.7747
jax,mlp,simple,mixed_bf16,43,100,6.3606,2.7554
jax,cnn,simple,fp32,43,100,6.3869,2.7088
jax,cnn,simple,fp16,43,100,6.3191,2.7575
jax,cnn,simple,bf16,43,100,6.3563,2.4497
jax,cnn,simple,mixed_fp16,43,100,7.3215,3.3531
jax,cnn,simple,mixed_bf16,43,100,7.3343,3.1405
jax,lstm,simple,fp32,43,100,8.983,3.7894
jax,lstm,simple,mixed_fp16,43,100,10.339,3.3707
jax,lstm,simple,mixed_bf16,43,100,10.5583,3.6147
torch,mlp,simple,fp32,43,100,1.9136,1.4923
torch,mlp,simple,fp16,43,100,2.0865,1.5237
torch,mlp,simple,bf16,43,100,1.9603,1.6442
torch,mlp,simple,mixed_fp16,43,100,2.4186,1.9449
torch,mlp,simple,mixed_bf16,43,100,2.4184,1.8359
torch,cnn,simple,fp32,43,100,2.7855,2.2438
torch,cnn,simple,fp16,43,100,3.5873,2.4442
torch,cnn,simple,bf16,43,100,2.6857,2.2841
torch,cnn,simple,mixed_fp16,43,100,3.7799,3.1404
torch,cnn,simple,mixed_bf16,43,100,3.7828,2.7525
torch,lstm,simple,fp32,43,100,0.9777,0.6842
torch,lstm,simple,fp16,43,100,0.9585,0.7029
torch,lstm,simple,bf16,43,100,11.4818,10.4454
torch,lstm,simple,mixed_fp16,43,100,1.2932,0.8344
torch,lstm,simple,mixed_bf16,43,100,1.2195,0.8827
jax-keras,mlp,simple,fp32,43,100,5.5468,1.4738
jax-keras,mlp,simple,fp16,43,100,5.6931,1.1878
jax-keras,mlp,simple,bf16,43,100,5.4442,1.2244
jax-keras,mlp,simple,mixed_fp16,43,100,5.8456,1.4306
jax-keras,mlp,simple,mixed_bf16,43,100,5.4751,1.285
jax-keras,cnn,simple,fp32,43,100,7.0991,1.8305
jax-keras,cnn,simple,fp16,43,100,6.5592,1.923
jax-keras,cnn,simple,bf16,43,100,6.5794,2.1536
jax-keras,cnn,simple,mixed_fp16,43,100,7.3339,2.4887
jax-keras,cnn,simple,mixed_bf16,43,100,6.6136,1.7561
jax-keras,lstm,simple,fp32,43,100,8.1333,3.1119
jax-keras,lstm,simple,mixed_fp16,43,100,8.9637,2.7899
jax-keras,lstm,simple,mixed_bf16,43,100,8.8517,3.1461
tf-keras,mlp,simple,fp32,43,100,5.5468,1.309
tf-keras,mlp,simple,fp16,43,100,5.7888,1.2559
tf-keras,mlp,simple,bf16,43,100,5.736,1.166
tf-keras,mlp,simple,mixed_fp16,43,100,6.3986,1.1942
tf-keras,mlp,simple,mixed_bf16,43,100,5.9755,1.1852
tf-keras,cnn,simple,fp32,43,100,6.8606,1.531
tf-keras,cnn,simple,fp16,43,100,6.4623,1.5625
tf-keras,cnn,simple,bf16,43,100,6.1426,1.2518
tf-keras,cnn,simple,mixed_fp16,43,100,7.1741,1.3236
tf-keras,cnn,simple,mixed_bf16,43,100,6.7873,1.2827
tf-keras,lstm,simple,fp32,43,100,5.131,1.7188
tf-keras,lstm,simple,fp16,43,100,5.4512,1.7251
tf-keras,lstm,simple,mixed_fp16,43,100,5.6846,1.8631
tf-keras,lstm,simple,mixed_bf16,43,100,5.2192,1.9106
torch-keras,mlp,simple,fp32,43,100,5.5547,4.5829
torch-keras,mlp,simple,fp16,43,100,5.4575,4.8827
torch-keras,mlp,simple,bf16,43,100,5.6837,4.8624
torch-keras,mlp,simple,mixed_fp16,43,100,7.0207,6.0809
torch-keras,mlp,simple,mixed_bf16,43,100,6.043,5.0016
torch-keras,cnn,simple,fp32,43,100,6.9726,5.9391
torch-keras,cnn,simple,fp16,43,100,7.1949,6.385
torch-keras,cnn,simple,bf16,43,100,7.0763,6.3953
torch-keras,cnn,simple,mixed_fp16,43,100,8.4522,7.7485
torch-keras,cnn,simple,mixed_bf16,43,100,7.7593,7.0472
torch-keras,lstm,simple,fp32,43,100,40.0697,39.8063
torch-keras,lstm,simple,mixed_fp16,43,100,49.1613,47.332
torch-keras,lstm,simple,mixed_bf16,43,100,48.0141,47.061
torch-keras,lstm,complex,fp32,43,100,61.7834,59.5599
torch-keras,lstm,complex,mixed_fp16,43,100,76.2356,72.0528
torch-keras,lstm,complex,mixed_bf16,43,100,74.7434,72.5974
torch-keras,mlp,complex,fp32,43,100,9.1336,8.2627
torch-keras,mlp,complex,fp16,43,100,9.2808,8.4957
torch-keras,mlp,complex,bf16,43,100,9.4838,8.1079
torch-keras,mlp,complex,mixed_fp16,43,100,13.0214,11.229
torch-keras,mlp,complex,mixed_bf16,43,100,10.4464,9.0421
torch-keras,cnn,complex,fp32,43,100,40.0938,38.8637
torch-keras,cnn,complex,fp16,43,100,44.0933,42.8725
torch-keras,cnn,complex,bf16,43,100,45.4697,43.4572
jax,mlp,complex,fp32,43,100,13.714,4.6114
jax,mlp,complex,fp16,43,100,12.4825,3.7354
jax,mlp,complex,bf16,43,100,12.2995,3.9803
jax,mlp,complex,mixed_fp16,43,100,13.3092,4.4229
jax,mlp,complex,mixed_bf16,43,100,13.8804,4.663
jax,cnn,complex,fp32,43,100,13.8175,5.8488
jax,cnn,complex,fp16,43,100,15.6912,5.8507
jax,cnn,complex,bf16,43,100,13.3259,5.7478
jax,cnn,complex,mixed_fp16,43,100,19.3395,6.1644
jax,cnn,complex,mixed_bf16,43,100,17.8001,6.3085
jax,lstm,complex,fp32,43,100,26.2822,9.4204
jax,lstm,complex,mixed_fp16,43,100,27.7804,8.0488
jax,lstm,complex,mixed_bf16,43,100,28.3747,8.5231
tf-keras,mlp,complex,fp32,43,100,17.8633,1.4699
tf-keras,mlp,complex,fp16,43,100,16.539,1.3934
tf-keras,mlp,complex,bf16,43,100,17.6897,1.4765
tf-keras,mlp,complex,mixed_fp16,43,100,20.3847,1.5535
tf-keras,mlp,complex,mixed_bf16,43,100,19.3483,1.5034
tf-keras,cnn,complex,fp32,43,100,23.158,5.666
tf-keras,cnn,complex,fp16,43,100,23.9403,4.5356
tf-keras,cnn,complex,bf16,43,100,24.4133,4.6245
tf-keras,cnn,complex,mixed_fp16,43,100,27.2286,4.8605
tf-keras,cnn,complex,mixed_bf16,43,100,24.1629,4.6745
tf-keras,lstm,complex,fp32,43,100,9.9443,4.1906
tf-keras,lstm,complex,fp16,43,100,14.6306,3.7117
tf-keras,lstm,complex,mixed_fp16,43,100,10.4828,4.2183
tf-keras,lstm,complex,mixed_bf16,43,100,9.4,4.2911
jax-keras,mlp,complex,fp32,43,100,18.1517,1.3923
jax-keras,mlp,complex,fp16,43,100,13.783,1.3998
jax-keras,mlp,complex,bf16,43,100,14.4935,1.412
jax-keras,mlp,complex,mixed_fp16,43,100,14.5949,1.9353
jax-keras,mlp,complex,mixed_bf16,43,100,13.699,1.6198
jax-keras,cnn,complex,fp32,43,100,19.55,5.4727
jax-keras,cnn,complex,fp16,43,100,19.5189,4.4766
jax-keras,cnn,complex,bf16,43,100,20.7092,4.802
jax-keras,cnn,complex,mixed_fp16,43,100,21.5311,5.3881
jax-keras,cnn,complex,mixed_bf16,43,100,19.3356,4.6386
jax-keras,lstm,complex,fp32,43,100,24.8479,6.3634
jax-keras,lstm,complex,mixed_fp16,43,100,24.2849,5.5725
jax-keras,lstm,complex,mixed_bf16,43,100,23.1517,5.7963
torch,mlp,complex,fp32,43,100,3.9618,2.8703
torch,mlp,complex,fp16,43,100,3.8316,3.0918
torch,mlp,complex,bf16,43,100,3.6994,2.8251
torch,mlp,complex,mixed_fp16,43,100,4.7478,4.4232
torch,mlp,complex,mixed_bf16,43,100,4.7989,3.901
torch,cnn,complex,fp32,43,100,10.011,8.9733
torch,cnn,complex,fp16,43,100,9.643,9.1552
torch,cnn,complex,bf16,43,100,10.0357,9.3114
torch,cnn,complex,mixed_fp16,43,100,11.7137,9.998
torch,cnn,complex,mixed_bf16,43,100,12.144,10.6355
torch,lstm,complex,fp32,43,100,2.774,2.5626
torch,lstm,complex,fp16,43,100,2.1285,1.8616
torch,lstm,complex,bf16,43,100,16.6623,15.9972
torch,lstm,complex,mixed_fp16,43,100,2.4343,2.0895
torch,lstm,complex,mixed_bf16,43,100,2.4266,2.1294
torch-keras,cnn,complex,mixed_fp16,43,100,52.0273,50.4205
torch-keras,cnn,complex,mixed_bf16,43,100,43.5384,41.5593
torch-keras,lstm,simple,fp32,44,100,41.4654,40.385
torch-keras,lstm,simple,mixed_fp16,44,100,48.6798,47.1989
torch-keras,lstm,simple,mixed_bf16,44,100,47.3579,46.1896
torch-keras,mlp,simple,fp32,44,100,5.205,4.6627
torch-keras,mlp,simple,fp16,44,100,5.8309,5.1894
torch-keras,mlp,simple,bf16,44,100,5.7917,4.8191
torch-keras,mlp,simple,mixed_fp16,44,100,7.2201,6.1729
torch-keras,mlp,simple,mixed_bf16,44,100,6.0239,5.1108
torch-keras,cnn,simple,fp32,44,100,7.0942,6.3548
torch-keras,cnn,simple,fp16,44,100,7.244,6.7166
torch-keras,cnn,simple,bf16,44,100,7.1977,6.2468
torch-keras,cnn,simple,mixed_fp16,44,100,8.3941,7.7528
torch-keras,cnn,simple,mixed_bf16,44,100,7.3281,6.4482
jax,mlp,simple,fp32,44,100,5.3168,2.2037
jax,mlp,simple,fp16,44,100,5.3013,2.2066
jax,mlp,simple,bf16,44,100,5.7129,2.1862
jax,mlp,simple,mixed_fp16,44,100,6.5171,2.9801
jax,mlp,simple,mixed_bf16,44,100,6.4728,2.9033
jax,cnn,simple,fp32,44,100,5.8839,2.7156
jax,cnn,simple,fp16,44,100,6.3789,2.871
jax,cnn,simple,bf16,44,100,6.2349,2.6251
jax,cnn,simple,mixed_fp16,44,100,7.2326,3.5699
jax,cnn,simple,mixed_bf16,44,100,7.213,3.0681
jax,lstm,simple,fp32,44,100,8.7693,3.7898
jax,lstm,simple,mixed_fp16,44,100,10.317,3.3684
jax,lstm,simple,mixed_bf16,44,100,10.5683,3.6277
tf-keras,mlp,simple,fp32,44,100,5.5535,1.1703
tf-keras,mlp,simple,fp16,44,100,5.7909,1.2752
tf-keras,mlp,simple,bf16,44,100,5.9143,1.2277
tf-keras,mlp,simple,mixed_fp16,44,100,6.2706,1.2266
tf-keras,mlp,simple,mixed_bf16,44,100,6.0047,1.1586
tf-keras,cnn,simple,fp32,44,100,6.4354,1.2861
tf-keras,cnn,simple,fp16,44,100,5.9837,1.193
tf-keras,cnn,simple,bf16,44,100,6.0743,1.2406
tf-keras,cnn,simple,mixed_fp16,44,100,7.5536,1.6331
tf-keras,cnn,simple,mixed_bf16,44,100,7.0384,1.536
tf-keras,lstm,simple,fp32,44,100,5.2857,1.8254
tf-keras,lstm,simple,fp16,44,100,5.7694,1.8779
tf-keras,lstm,simple,mixed_fp16,44,100,5.6764,1.8565
tf-keras,lstm,simple,mixed_bf16,44,100,5.1535,1.9403
torch,mlp,simple,fp32,44,100,2.1269,1.7311
torch,mlp,simple,fp16,44,100,1.962,1.5329
torch,mlp,simple,bf16,44,100,2.0172,1.486
torch,mlp,simple,mixed_fp16,44,100,2.4342,1.9164
torch,mlp,simple,mixed_bf16,44,100,2.4487,1.9624
torch,cnn,simple,fp32,44,100,2.6294,2.4048
torch,cnn,simple,fp16,44,100,2.802,2.3248
torch,cnn,simple,bf16,44,100,3.4697,2.7763
torch,cnn,simple,mixed_fp16,44,100,3.6638,2.484
torch,cnn,simple,mixed_bf16,44,100,3.1229,2.4646
torch,lstm,simple,fp32,44,100,0.9988,0.6732
torch,lstm,simple,fp16,44,100,1.1457,0.7508
torch,lstm,simple,bf16,44,100,11.5966,10.8692
torch,lstm,simple,mixed_fp16,44,100,1.2109,0.9226
torch,lstm,simple,mixed_bf16,44,100,1.3855,0.8963
jax-keras,mlp,simple,fp32,44,100,5.5616,1.1941
jax-keras,mlp,simple,fp16,44,100,5.4644,1.1379
jax-keras,mlp,simple,bf16,44,100,5.5239,1.3122
jax-keras,mlp,simple,mixed_fp16,44,100,5.9449,1.399
jax-keras,mlp,simple,mixed_bf16,44,100,5.8322,1.4266
jax-keras,cnn,simple,fp32,44,100,7.1182,1.9674
jax-keras,cnn,simple,fp16,44,100,6.5226,2.0352
jax-keras,cnn,simple,bf16,44,100,6.2251,1.9523
jax-keras,cnn,simple,mixed_fp16,44,100,7.5792,2.2697
jax-keras,cnn,simple,mixed_bf16,44,100,6.3904,1.9961
jax-keras,lstm,simple,fp32,44,100,8.0482,3.0752
jax-keras,lstm,simple,mixed_fp16,44,100,8.9436,2.8252
jax-keras,lstm,simple,mixed_bf16,44,100,8.786,3.0816
torch-keras,mlp,complex,fp32,44,100,9.7744,7.9629
torch-keras,mlp,complex,fp16,44,100,9.1779,8.3206
torch-keras,mlp,complex,bf16,44,100,9.292,8.6164
torch-keras,mlp,complex,mixed_fp16,44,100,12.2278,11.0927
torch-keras,mlp,complex,mixed_bf16,44,100,10.0368,9.0839
torch-keras,cnn,complex,fp32,44,100,40.8273,38.7724
torch-keras,cnn,complex,fp16,44,100,45.3006,43.002
torch-keras,cnn,complex,bf16,44,100,46.1818,42.366
torch-keras,lstm,complex,fp32,44,100,62.3765,59.9961
torch-keras,lstm,complex,mixed_fp16,44,100,75.4281,74.5117
torch-keras,lstm,complex,mixed_bf16,44,100,72.9349,69.624
jax-keras,mlp,complex,fp32,44,100,18.2691,1.5842
jax-keras,mlp,complex,fp16,44,100,13.6939,1.5392
jax-keras,mlp,complex,bf16,44,100,14.2876,1.6719
jax-keras,mlp,complex,mixed_fp16,44,100,14.3044,1.828
jax-keras,mlp,complex,mixed_bf16,44,100,13.6906,1.4562
jax-keras,cnn,complex,fp32,44,100,19.1324,5.2527
jax-keras,cnn,complex,fp16,44,100,18.9117,4.4812
jax-keras,cnn,complex,bf16,44,100,20.8215,4.9417
jax-keras,cnn,complex,mixed_fp16,44,100,21.2077,5.3147
jax-keras,cnn,complex,mixed_bf16,44,100,19.2327,4.6588
jax-keras,lstm,complex,fp32,44,100,25.238,6.4189
jax-keras,lstm,complex,mixed_fp16,44,100,24.6992,5.6117
jax-keras,lstm,complex,mixed_bf16,44,100,23.4713,5.792
torch,mlp,complex,fp32,44,100,3.9217,3.069
torch,mlp,complex,fp16,44,100,3.9112,3.0563
torch,mlp,complex,bf16,44,100,3.5924,3.0199
torch,mlp,complex,mixed_fp16,44,100,4.8857,3.8295
torch,mlp,complex,mixed_bf16,44,100,4.5375,3.8511
torch,cnn,complex,fp32,44,100,9.4252,9.1445
torch,cnn,complex,fp16,44,100,10.0544,8.8519
torch,cnn,complex,bf16,44,100,9.5472,9.1566
torch,cnn,complex,mixed_fp16,44,100,11.9873,10.9255
torch,cnn,complex,mixed_bf16,44,100,11.8696,10.356
torch,lstm,complex,fp32,44,100,2.7376,2.5503
torch,lstm,complex,fp16,44,100,2.0498,1.8212
torch,lstm,complex,bf16,44,100,16.8016,15.1997
torch,lstm,complex,mixed_fp16,44,100,2.3774,2.1208
torch,lstm,complex,mixed_bf16,44,100,2.4862,2.1419
tf-keras,mlp,complex,fp32,44,100,18.8477,1.6259
tf-keras,mlp,complex,fp16,44,100,16.8296,1.4013
tf-keras,mlp,complex,bf16,44,100,17.5254,1.4364
tf-keras,mlp,complex,mixed_fp16,44,100,20.4351,1.5441
tf-keras,mlp,complex,mixed_bf16,44,100,19.6171,1.577
tf-keras,cnn,complex,fp32,44,100,22.8445,5.4418
tf-keras,cnn,complex,fp16,44,100,23.7043,4.4422
tf-keras,cnn,complex,bf16,44,100,24.4385,4.6173
tf-keras,cnn,complex,mixed_fp16,44,100,26.8026,4.6245
tf-keras,cnn,complex,mixed_bf16,44,100,23.9459,4.594
tf-keras,lstm,complex,fp32,44,100,9.8008,4.1782
tf-keras,lstm,complex,fp16,44,100,15.0966,3.9939
tf-keras,lstm,complex,mixed_fp16,44,100,10.5104,4.1219
tf-keras,lstm,complex,mixed_bf16,44,100,9.4454,4.2942
jax,mlp,complex,fp32,44,100,13.3358,4.3324
jax,mlp,complex,fp16,44,100,12.2793,3.8866
jax,mlp,complex,bf16,44,100,12.778,3.8732
jax,mlp,complex,mixed_fp16,44,100,13.6422,4.4343
jax,mlp,complex,mixed_bf16,44,100,14.16,4.7616
jax,cnn,complex,fp32,44,100,13.9752,5.9685
jax,cnn,complex,fp16,44,100,15.1099,5.6838
jax,cnn,complex,bf16,44,100,13.3008,5.7202
jax,cnn,complex,mixed_fp16,44,100,18.7438,6.1601
jax,cnn,complex,mixed_bf16,44,100,16.6789,6.1576
jax,lstm,complex,fp32,44,100,25.7525,9.3874
jax,lstm,complex,mixed_fp16,44,100,28.3163,7.9049
jax,lstm,complex,mixed_bf16,44,100,28.6196,8.5283
torch-keras,cnn,complex,mixed_fp16,44,100,48.0769,46.2466
torch-keras,cnn,complex,mixed_bf16,44,100,44.2855,42.3509
jax,mlp,simple,fp32,45,100,5.0037,1.982
jax,mlp,simple,fp16,45,100,5.2669,2.0811
jax,mlp,simple,bf16,45,100,5.6688,2.295
jax,mlp,simple,mixed_fp16,45,100,6.1108,2.6644
jax,mlp,simple,mixed_bf16,45,100,6.3912,2.7055
jax,cnn,simple,fp32,45,100,6.2941,2.4597
jax,cnn,simple,fp16,45,100,6.152,2.4576
jax,cnn,simple,bf16,45,100,6.2015,2.7456
jax,cnn,simple,mixed_fp16,45,100,7.335,3.3055
jax,cnn,simple,mixed_bf16,45,100,7.5841,3.4135
jax,lstm,simple,fp32,45,100,8.7458,3.7638
jax,lstm,simple,mixed_fp16,45,100,10.1917,3.3509
jax,lstm,simple,mixed_bf16,45,100,10.4166,3.6042
jax-keras,mlp,simple,fp32,45,100,5.4528,1.3042
jax-keras,mlp,simple,fp16,45,100,5.3491,1.1486
jax-keras,mlp,simple,bf16,45,100,5.4593,1.142
jax-keras,mlp,simple,mixed_fp16,45,100,5.6261,1.4015
jax-keras,mlp,simple,mixed_bf16,45,100,5.3568,1.1688
jax-keras,cnn,simple,fp32,45,100,7.4229,2.0181
jax-keras,cnn,simple,fp16,45,100,6.8569,1.6484
jax-keras,cnn,simple,bf16,45,100,6.0275,1.6475
jax-keras,cnn,simple,mixed_fp16,45,100,7.0591,1.8476
jax-keras,cnn,simple,mixed_bf16,45,100,6.3915,1.9618
jax-keras,lstm,simple,fp32,45,100,7.9601,3.0714
jax-keras,lstm,simple,mixed_fp16,45,100,8.8993,2.8188
jax-keras,lstm,simple,mixed_bf16,45,100,8.9689,3.1218
tf-keras,mlp,simple,fp32,45,100,5.7185,1.2402
tf-keras,mlp,simple,fp16,45,100,5.593,1.2489
tf-keras,mlp,simple,bf16,45,100,5.7552,1.1801
tf-keras,mlp,simple,mixed_fp16,45,100,6.3576,1.2846
tf-keras,mlp,simple,mixed_bf16,45,100,6.139,1.1639
tf-keras,cnn,simple,fp32,45,100,6.4774,1.2802
tf-keras,cnn,simple,fp16,45,100,6.4023,1.4593
tf-keras,cnn,simple,bf16,45,100,6.0754,1.243
tf-keras,cnn,simple,mixed_fp16,45,100,7.133,1.306
tf-keras,cnn,simple,mixed_bf16,45,100,6.7052,1.2476
tf-keras,lstm,simple,fp32,45,100,5.4506,1.8548
tf-keras,lstm,simple,fp16,45,100,5.6619,1.6815
tf-keras,lstm,simple,mixed_fp16,45,100,5.7032,1.8542
tf-keras,lstm,simple,mixed_bf16,45,100,5.0636,1.9506
torch-keras,mlp,simple,fp32,45,100,5.5487,4.8684
torch-keras,mlp,simple,fp16,45,100,5.9188,4.9573
torch-keras,mlp,simple,bf16,45,100,5.9212,5.2658
torch-keras,mlp,simple,mixed_fp16,45,100,7.1212,6.1719
torch-keras,mlp,simple,mixed_bf16,45,100,6.1468,5.0265
torch-keras,cnn,simple,fp32,45,100,6.946,6.2411
torch-keras,cnn,simple,fp16,45,100,6.8909,6.4401
torch-keras,cnn,simple,bf16,45,100,7.0218,5.9709
torch-keras,cnn,simple,mixed_fp16,45,100,8.4413,7.6903
torch-keras,cnn,simple,mixed_bf16,45,100,7.1405,6.9843
torch-keras,lstm,simple,fp32,45,100,41.5745,40.5528
torch,mlp,simple,fp16,45,100,2.0296,1.5727
torch,mlp,simple,bf16,45,100,2.1314,1.6421
torch,mlp,simple,mixed_fp16,45,100,2.4783,1.9295
torch,mlp,simple,mixed_bf16,45,100,2.4054,2.1066
torch,cnn,simple,fp32,45,100,2.6873,2.4248
torch,cnn,simple,fp16,45,100,2.7761,2.3169
torch,cnn,simple,bf16,45,100,2.7624,2.5816
torch,cnn,simple,mixed_fp16,45,100,3.0734,3.2529
torch,cnn,simple,mixed_bf16,45,100,3.7857,2.5885
torch,lstm,simple,fp32,45,100,1.0483,0.6651
torch,lstm,simple,fp16,45,100,1.0313,0.6841
torch,lstm,simple,bf16,45,100,11.4456,10.5346
torch,lstm,simple,mixed_fp16,45,100,1.2968,0.8999
torch,lstm,simple,mixed_bf16,45,100,1.4193,0.8811
jax,mlp,complex,fp32,45,100,13.2968,4.5179
jax,mlp,complex,fp16,45,100,12.1615,3.6987
jax,mlp,complex,bf16,45,100,13.7977,3.8745
jax,mlp,complex,mixed_fp16,45,100,13.4897,4.4187
jax,mlp,complex,mixed_bf16,45,100,14.2993,4.7233
jax,cnn,complex,fp32,45,100,13.9468,5.9062
jax,cnn,complex,fp16,45,100,15.3045,5.813
jax,cnn,complex,bf16,45,100,13.4798,5.7896
jax,cnn,complex,mixed_fp16,45,100,19.7576,6.2193
jax,cnn,complex,mixed_bf16,45,100,17.0393,6.2699
jax,lstm,complex,fp32,45,100,26.3265,9.3257
jax,lstm,complex,mixed_fp16,45,100,28.0511,8.0353
jax,lstm,complex,mixed_bf16,45,100,28.8732,8.5595
jax-keras,mlp,complex,fp32,45,100,18.3461,1.5131
jax-keras,mlp,complex,fp16,45,100,12.8252,1.5046
jax-keras,mlp,complex,bf16,45,100,14.7198,1.6554
jax-keras,mlp,complex,mixed_fp16,45,100,14.9533,1.9055
jax-keras,mlp,complex,mixed_bf16,45,100,13.5042,1.3993
jax-keras,cnn,complex,fp32,45,100,19.3973,5.4388
jax-keras,cnn,complex,fp16,45,100,19.2211,4.4151
jax-keras,cnn,complex,bf16,45,100,20.3795,4.6711
jax-keras,cnn,complex,mixed_fp16,45,100,21.3543,5.4485
jax-keras,cnn,complex,mixed_bf16,45,100,19.9312,4.8473
jax-keras,lstm,complex,fp32,45,100,24.9424,6.3869
jax-keras,lstm,complex,mixed_fp16,45,100,23.8228,5.5959
jax-keras,lstm,complex,mixed_bf16,45,100,23.3969,5.807
tf-keras,mlp,complex,fp32,45,100,17.9328,1.5362
tf-keras,mlp,complex,fp16,45,100,17.0373,1.5664
tf-keras,mlp,complex,bf16,45,100,17.0418,1.442
tf-keras,mlp,complex,mixed_fp16,45,100,20.57,1.5073
tf-keras,mlp,complex,mixed_bf16,45,100,19.0401,1.4888
tf-keras,cnn,complex,fp32,45,100,22.9371,5.7565
tf-keras,cnn,complex,fp16,45,100,23.5778,4.5197
tf-keras,cnn,complex,bf16,45,100,24.4692,4.6461
tf-keras,cnn,complex,mixed_fp16,45,100,26.7317,4.6087
tf-keras,cnn,complex,mixed_bf16,45,100,24.4442,4.8818
tf-keras,lstm,complex,fp32,45,100,9.8396,4.3167
tf-keras,lstm,complex,fp16,45,100,14.7119,3.846
tf-keras,lstm,complex,mixed_fp16,45,100,10.3022,3.8724
tf-keras,lstm,complex,mixed_bf16,45,100,9.4321,4.3734
torch-keras,mlp,complex,fp32,45,100,9.1733,8.4462
torch-keras,mlp,complex,fp16,45,100,8.9235,8.3758
torch-keras,mlp,complex,bf16,45,100,9.2283,8.3609
torch-keras,mlp,complex,mixed_fp16,45,100,12.5538,10.9553
torch-keras,mlp,complex,mixed_bf16,45,100,9.6334,8.7833
torch-keras,cnn,complex,fp32,45,100,41.7099,38.4258
torch-keras,cnn,complex,fp16,45,100,44.6876,43.6274
torch-keras,cnn,complex,bf16,45,100,44.6535,43.0193
torch-keras,cnn,complex,mixed_fp16,45,100,50.1541,46.4588
torch-keras,cnn,complex,mixed_bf16,45,100,44.0731,42.2868
torch-keras,lstm,complex,fp32,45,100,62.5885,58.9982
torch-keras,lstm,complex,mixed_fp16,45,100,76.7567,71.7523
torch-keras,lstm,complex,mixed_bf16,45,100,74.403,72.1762
torch,mlp,complex,fp32,45,100,3.8321,3.1594
torch,mlp,complex,fp16,45,100,3.8698,3.1994
torch,mlp,complex,bf16,45,100,3.5617,3.195
torch,mlp,complex,mixed_fp16,45,100,5.0815,3.8341
torch,mlp,complex,mixed_bf16,45,100,5.1612,4.048
torch,cnn,complex,fp32,45,100,9.5919,9.007
torch,cnn,complex,fp16,45,100,9.9854,9.1803
torch,cnn,complex,bf16,45,100,9.6868,9.3879
torch,cnn,complex,mixed_fp16,45,100,11.1571,10.1385
torch,cnn,complex,mixed_bf16,45,100,11.8501,10.7478
torch,lstm,complex,fp32,45,100,2.705,2.6029
torch,lstm,complex,fp16,45,100,2.1111,1.8559
torch,lstm,complex,bf16,45,100,17.0758,16.2642
torch,lstm,complex,mixed_fp16,45,100,2.3561,2.1474
torch,lstm,complex,mixed_bf16,45,100,2.4453,2.1969
torch-keras,lstm,simple,mixed_fp16,45,100,48.0447,47.2785
torch-keras,lstm,simple,mixed_bf16,45,100,48.5375,47.4676
torch,mlp,simple,fp32,45,100,1.9417,1.5695
jax,mlp,simple,fp32,46,100,5.338,2.1222
jax,mlp,simple,fp16,46,100,5.5486,2.1431
jax,mlp,simple,bf16,46,100,5.7199,2.0549
jax,mlp,simple,mixed_fp16,46,100,6.3415,2.8256
jax,mlp,simple,mixed_bf16,46,100,6.531,2.8959
jax,cnn,simple,fp32,46,100,6.3919,2.4818
jax,cnn,simple,fp16,46,100,5.991,2.7511
jax,cnn,simple,bf16,46,100,6.2193,2.4369
jax,cnn,simple,mixed_fp16,46,100,7.8001,3.5256
jax,cnn,simple,mixed_bf16,46,100,6.8758,3.0454
jax,lstm,simple,fp32,46,100,8.7619,3.7726
jax,lstm,simple,mixed_fp16,46,100,10.1624,3.3701
jax,lstm,simple,mixed_bf16,46,100,10.328,3.5933
jax-keras,mlp,simple,fp32,46,100,5.5012,1.2331
jax-keras,mlp,simple,fp16,46,100,5.3563,1.1488
jax-keras,mlp,simple,bf16,46,100,5.5742,1.1649
jax-keras,mlp,simple,mixed_fp16,46,100,5.559,1.3368
jax-keras,mlp,simple,mixed_bf16,46,100,5.1943,1.1534
jax-keras,cnn,simple,fp32,46,100,7.0558,1.6064
jax-keras,cnn,simple,fp16,46,100,6.192,1.5418
jax-keras,cnn,simple,bf16,46,100,6.7703,1.6843
jax-keras,cnn,simple,mixed_fp16,46,100,6.9204,2.2543
jax-keras,cnn,simple,mixed_bf16,46,100,6.7533,1.8808
jax-keras,lstm,simple,fp32,46,100,7.905,3.0753
jax-keras,lstm,simple,mixed_fp16,46,100,9.046,2.8307
jax-keras,lstm,simple,mixed_bf16,46,100,8.911,3.0815
tf-keras,mlp,simple,fp32,46,100,5.4887,1.1668
tf-keras,mlp,simple,fp16,46,100,5.7568,1.2375
tf-keras,mlp,simple,bf16,46,100,5.9604,1.2727
tf-keras,mlp,simple,mixed_fp16,46,100,6.2142,1.1818
tf-keras,mlp,simple,mixed_bf16,46,100,5.8217,1.1881
tf-keras,cnn,simple,fp32,46,100,6.8994,1.57
tf-keras,cnn,simple,fp16,46,100,6.0683,1.1946
tf-keras,cnn,simple,bf16,46,100,6.1749,1.2216
tf-keras,cnn,simple,mixed_fp16,46,100,7.1789,1.2809
tf-keras,cnn,simple,mixed_bf16,46,100,6.7356,1.2649
tf-keras,lstm,simple,fp32,46,100,5.1774,1.7143
tf-keras,lstm,simple,fp16,46,100,5.7408,1.8555
tf-keras,lstm,simple,mixed_fp16,46,100,5.9246,2.0299
tf-keras,lstm,simple,mixed_bf16,46,100,5.0519,1.7822
torch-keras,mlp,simple,fp32,46,100,5.623,4.94
torch-keras,mlp,simple,fp16,46,100,5.9058,5.1696
torch-keras,mlp,simple,bf16,46,100,5.82,4.966
torch-keras,mlp,simple,mixed_fp16,46,100,7.3395,6.5621
torch-keras,mlp,simple,mixed_bf16,46,100,5.8025,5.261
torch-keras,cnn,simple,fp32,46,100,6.8212,6.1881
torch-keras,cnn,simple,fp16,46,100,7.4358,6.5884
torch-keras,cnn,simple,bf16,46,100,7.1724,6.5702
torch-keras,cnn,simple,mixed_fp16,46,100,8.5749,7.9321
torch-keras,cnn,simple,mixed_bf16,46,100,7.39,7.0983
torch-keras,lstm,simple,fp32,46,100,40.9539,39.6152
torch-keras,lstm,simple,mixed_fp16,46,100,49.3381,47.851
torch-keras,lstm,simple,mixed_bf16,46,100,49.2094,47.7474
torch,mlp,simple,fp32,46,100,1.9369,1.6278
torch,mlp,simple,fp16,46,100,2.0174,1.5829
torch,mlp,simple,bf16,46,100,2.0104,1.6638
torch,mlp,simple,mixed_fp16,46,100,2.4669,1.8613
torch,mlp,simple,mixed_bf16,46,100,2.5088,2.1881
torch,cnn,simple,fp32,46,100,2.773,2.5438
torch,cnn,simple,fp16,46,100,2.8512,2.6362
torch,cnn,simple,bf16,46,100,2.6967,2.0457
torch,cnn,simple,mixed_fp16,46,100,3.0425,2.9816
torch,cnn,simple,mixed_bf16,46,100,3.6178,2.6611
torch,lstm,simple,fp32,46,100,0.8897,0.6354
torch,lstm,simple,fp16,46,100,1.0961,0.635
torch,lstm,simple,bf16,46,100,11.6875,10.6229
torch,lstm,simple,mixed_fp16,46,100,1.2435,0.8327
torch,lstm,simple,mixed_bf16,46,100,1.3217,0.8531
jax,mlp,complex,fp32,46,100,14.6741,4.8073
jax,mlp,complex,fp16,46,100,12.0072,3.6496
jax,mlp,complex,bf16,46,100,12.6673,3.7579
jax,mlp,complex,mixed_fp16,46,100,13.6353,4.7237
jax,mlp,complex,mixed_bf16,46,100,14.3491,4.9027
jax,cnn,complex,fp32,46,100,13.798,5.8745
jax,cnn,complex,fp16,46,100,16.1335,5.917
jax,cnn,complex,bf16,46,100,13.8513,5.7913
jax,cnn,complex,mixed_fp16,46,100,18.7667,6.0493
jax,cnn,complex,mixed_bf16,46,100,17.5329,6.2416
jax,lstm,complex,fp32,46,100,26.3342,9.3361
jax,lstm,complex,mixed_fp16,46,100,28.0991,8.0002
jax,lstm,complex,mixed_bf16,46,100,28.4795,8.5943
jax-keras,mlp,complex,fp32,46,100,18.6566,1.4249
jax-keras,mlp,complex,fp16,46,100,13.2885,1.4365
jax-keras,mlp,complex,bf16,46,100,14.4226,1.5635
jax-keras,mlp,complex,mixed_fp16,46,100,14.7448,1.7846
jax-keras,mlp,complex,mixed_bf16,46,100,14.2213,1.5783
jax-keras,cnn,complex,fp32,46,100,19.3643,5.2869
jax-keras,cnn,complex,fp16,46,100,19.1554,4.4473
jax-keras,cnn,complex,bf16,46,100,20.7209,4.6548
jax-keras,cnn,complex,mixed_fp16,46,100,21.4266,5.3071
jax-keras,cnn,complex,mixed_bf16,46,100,19.4229,4.9563
jax-keras,lstm,complex,fp32,46,100,25.1528,6.3549
jax-keras,lstm,complex,mixed_fp16,46,100,24.5999,5.6198
jax-keras,lstm,complex,mixed_bf16,46,100,23.5213,5.791
tf-keras,mlp,complex,fp32,46,100,18.7929,1.5859
tf-keras,mlp,complex,fp16,46,100,17.3971,1.4896
tf-keras,mlp,complex,bf16,46,100,16.897,1.4602
tf-keras,mlp,complex,mixed_fp16,46,100,20.7304,1.723
tf-keras,mlp,complex,mixed_bf16,46,100,19.4977,1.4623
tf-keras,cnn,complex,fp32,46,100,22.903,5.467
tf-keras,cnn,complex,fp16,46,100,23.4899,4.5224
tf-keras,cnn,complex,bf16,46,100,24.5087,4.6525
tf-keras,cnn,complex,mixed_fp16,46,100,27.2915,4.8327
tf-keras,cnn,complex,mixed_bf16,46,100,24.0472,4.6572
tf-keras,lstm,complex,fp32,46,100,9.8871,4.1585
tf-keras,lstm,complex,fp16,46,100,14.5813,3.5848
tf-keras,lstm,complex,mixed_fp16,46,100,10.1098,3.7703
tf-keras,lstm,complex,mixed_bf16,46,100,9.3547,4.2902
torch-keras,mlp,complex,fp32,46,100,9.2316,8.1459
torch-keras,mlp,complex,fp16,46,100,9.1794,8.5355
torch-keras,mlp,complex,bf16,46,100,9.439,8.3168
torch-keras,mlp,complex,mixed_fp16,46,100,12.5232,11.2537
torch-keras,mlp,complex,mixed_bf16,46,100,9.8538,8.9818
torch-keras,cnn,complex,fp32,46,100,41.0441,38.8136
torch-keras,cnn,complex,fp16,46,100,44.7273,42.8543
torch-keras,cnn,complex,bf16,46,100,44.7278,43.7737
torch-keras,cnn,complex,mixed_fp16,46,100,48.8246,47.1713
torch-keras,cnn,complex,mixed_bf16,46,100,43.9279,41.4403
torch-keras,lstm,complex,fp32,46,100,62.6687,59.118
torch-keras,lstm,complex,mixed_fp16,46,100,75.3921,72.3847
torch-keras,lstm,complex,mixed_bf16,46,100,72.3732,69.7787
torch,mlp,complex,fp32,46,100,3.6855,3.47
torch,mlp,complex,fp16,46,100,3.5628,3.4037
torch,mlp,complex,bf16,46,100,3.6123,2.9886
torch,mlp,complex,mixed_fp16,46,100,5.114,4.2968
torch,mlp,complex,mixed_bf16,46,100,4.7825,4.1001
torch,cnn,complex,fp32,46,100,9.6977,9.1383
torch,cnn,complex,fp16,46,100,9.9588,9.4385
torch,cnn,complex,bf16,46,100,10.0169,8.8983
torch,cnn,complex,mixed_fp16,46,100,12.1883,10.4898
torch,cnn,complex,mixed_bf16,46,100,11.494,10.4454
torch,lstm,complex,fp32,46,100,2.7651,2.5648
torch,lstm,complex,fp16,46,100,2.0823,1.8315
torch,lstm,complex,bf16,46,100,16.2337,15.8849
torch,lstm,complex,mixed_fp16,46,100,2.4134,2.1028
torch,lstm,complex,mixed_bf16,46,100,2.4688,2.1041
